packet_length,protocal
88,ICMPV6
62,ARP
88,ICMPV6
88,ICMPV6
88,ICMPV6
88,ICMPV6
79,DNS
95,DNS
79,DNS
135,DNS
88,ICMPV6
88,ICMPV6
88,ICMPV6
88,ICMPV6
88,ICMPV6
88,ICMPV6
88,ICMPV6
88,ICMPV6
88,ICMPV6
88,ICMPV6
88,ICMPV6
62,ARP
88,ICMPV6
88,ICMPV6
88,ICMPV6
88,ICMPV6
88,ICMPV6
88,ICMPV6
88,ICMPV6
88,DNS
99,DNS
88,DNS
88,DNS
88,DNS
134,DNS
60,TCP
56,TCP
60,TCP
56,TCP
60,TCP
56,TCP
60,TCP
56,TCP
60,TCP
56,TCP
60,TCP
56,TCP
60,TCP
56,TCP
60,TCP
56,TCP
60,TCP
56,TCP
60,TCP
56,TCP
60,TCP
56,TCP
60,TCP
56,TCP
60,TCP
56,TCP
60,TCP
56,TCP
60,TCP
56,TCP
60,TCP
56,TCP
60,TCP
56,TCP
60,TCP
56,TCP
60,TCP
56,TCP
60,TCP
56,TCP
60,TCP
56,TCP
60,TCP
56,TCP
60,TCP
56,TCP
60,TCP
56,TCP
60,TCP
56,TCP
60,TCP
56,TCP
60,TCP
56,TCP
60,TCP
60,TCP
56,TCP
60,TCP
56,TCP
60,TCP
56,TCP
60,TCP
56,TCP
60,TCP
56,TCP
60,TCP
56,TCP
60,TCP
56,TCP
60,TCP
56,TCP
60,TCP
56,TCP
60,TCP
56,TCP
60,TCP
56,TCP
60,TCP
56,TCP
60,TCP
56,TCP
60,TCP
56,TCP
60,TCP
56,TCP
60,TCP
56,TCP
60,TCP
56,TCP
60,TCP
56,TCP
60,TCP
56,TCP
60,TCP
56,TCP
60,TCP
56,TCP
60,TCP
56,TCP
60,TCP
56,TCP
60,TCP
56,TCP
60,TCP
56,TCP
60,TCP
56,TCP
60,TCP
56,TCP
60,TCP
56,TCP
60,TCP
56,TCP
60,TCP
56,TCP
60,TCP
56,TCP
60,TCP
56,TCP
60,TCP
56,TCP
60,TCP
56,TCP
60,TCP
56,TCP
60,TCP
56,TCP
60,TCP
56,TCP
60,TCP
56,TCP
60,TCP
56,TCP
60,TCP
56,TCP
60,TCP
56,TCP
60,TCP
56,TCP
60,TCP
56,TCP
60,TCP
56,TCP
60,TCP
56,TCP
60,TCP
56,TCP
60,TCP
56,TCP
60,TCP
56,TCP
60,TCP
56,TCP
60,TCP
56,TCP
60,TCP
56,TCP
60,TCP
56,TCP
60,TCP
56,TCP
60,TCP
56,TCP
60,TCP
56,TCP
60,TCP
56,TCP
60,TCP
56,TCP
60,TCP
56,TCP
60,TCP
56,TCP
60,TCP
56,TCP
60,TCP
56,TCP
60,TCP
56,TCP
60,TCP
56,TCP
60,TCP
56,TCP
60,TCP
56,TCP
60,TCP
56,TCP
60,TCP
56,TCP
60,TCP
56,TCP
60,TCP
56,TCP
60,TCP
56,TCP
60,TCP
56,TCP
60,TCP
56,TCP
60,TCP
56,TCP
60,TCP
56,TCP
60,TCP
56,TCP
60,TCP
56,TCP
60,TCP
56,TCP
60,TCP
56,TCP
60,TCP
56,TCP
60,TCP
56,TCP
60,TCP
56,TCP
60,TCP
56,TCP
60,TCP
56,TCP
60,TCP
56,TCP
60,TCP
56,TCP
60,TCP
56,TCP
60,TCP
56,TCP
60,TCP
56,TCP
60,TCP
56,TCP
60,TCP
56,TCP
60,TCP
56,TCP
60,TCP
56,TCP
60,TCP
56,TCP
60,TCP
56,TCP
60,TCP
56,TCP
60,TCP
56,TCP
60,TCP
56,TCP
60,TCP
56,TCP
60,TCP
56,TCP
60,TCP
56,TCP
60,TCP
56,TCP
60,TCP
56,TCP
60,TCP
56,TCP
60,TCP
56,TCP
60,TCP
56,TCP
60,TCP
56,TCP
60,TCP
56,TCP
60,TCP
56,TCP
60,TCP
56,TCP
60,TCP
56,TCP
60,TCP
56,TCP
60,TCP
56,TCP
60,TCP
56,TCP
60,TCP
56,TCP
60,TCP
56,TCP
60,TCP
56,TCP
60,TCP
56,TCP
60,TCP
56,TCP
60,TCP
56,TCP
60,TCP
56,TCP
60,TCP
56,TCP
60,TCP
56,TCP
60,TCP
56,TCP
60,TCP
56,TCP
60,TCP
56,TCP
60,TCP
56,TCP
60,TCP
56,TCP
60,TCP
56,TCP
60,TCP
56,TCP
60,TCP
56,TCP
60,TCP
56,TCP
60,TCP
56,TCP
60,TCP
56,TCP
60,TCP
56,TCP
60,TCP
56,TCP
60,TCP
56,TCP
60,TCP
56,TCP
60,TCP
56,TCP
60,TCP
56,TCP
60,TCP
56,TCP
60,TCP
56,TCP
60,TCP
56,TCP
60,TCP
56,TCP
60,TCP
56,TCP
60,TCP
56,TCP
60,TCP
56,TCP
60,TCP
56,TCP
60,TCP
56,TCP
60,TCP
56,TCP
60,TCP
56,TCP
60,TCP
56,TCP
60,TCP
56,TCP
60,TCP
56,TCP
60,TCP
56,TCP
60,TCP
56,TCP
60,TCP
56,TCP
60,TCP
56,TCP
60,TCP
56,TCP
60,TCP
56,TCP
60,TCP
56,TCP
60,TCP
56,TCP
60,TCP
56,TCP
60,TCP
56,TCP
60,TCP
56,TCP
60,TCP
56,TCP
60,TCP
56,TCP
60,TCP
56,TCP
60,TCP
56,TCP
60,TCP
56,TCP
60,TCP
56,TCP
60,TCP
56,TCP
60,TCP
56,TCP
60,TCP
56,TCP
60,TCP
56,TCP
60,TCP
56,TCP
60,TCP
56,TCP
60,TCP
56,TCP
60,TCP
56,TCP
60,TCP
56,TCP
60,TCP
56,TCP
60,TCP
56,TCP
60,TCP
56,TCP
60,TCP
56,TCP
60,TCP
56,TCP
60,TCP
56,TCP
60,TCP
56,TCP
60,TCP
56,TCP
60,TCP
56,TCP
60,TCP
56,TCP
60,TCP
56,TCP
60,TCP
56,TCP
60,TCP
56,TCP
60,TCP
56,TCP
60,TCP
56,TCP
60,TCP
56,TCP
60,TCP
56,TCP
60,TCP
56,TCP
60,TCP
56,TCP
60,TCP
56,TCP
60,TCP
56,TCP
60,TCP
56,TCP
60,TCP
56,TCP
60,TCP
56,TCP
60,TCP
56,TCP
60,TCP
56,TCP
60,TCP
56,TCP
60,TCP
56,TCP
60,TCP
56,TCP
60,TCP
56,TCP
60,TCP
56,TCP
60,TCP
56,TCP
60,TCP
56,TCP
60,TCP
56,TCP
60,TCP
56,TCP
60,TCP
56,TCP
60,TCP
56,TCP
60,TCP
56,TCP
60,TCP
56,TCP
60,TCP
56,TCP
60,TCP
56,TCP
60,TCP
56,TCP
60,TCP
56,TCP
60,TCP
56,TCP
60,TCP
56,TCP
60,TCP
56,TCP
60,TCP
56,TCP
60,TCP
56,TCP
60,TCP
56,TCP
60,TCP
56,TCP
60,TCP
56,TCP
60,TCP
56,TCP
60,TCP
56,TCP
60,TCP
56,TCP
60,TCP
56,TCP
60,TCP
56,TCP
60,TCP
56,TCP
60,TCP
56,TCP
60,TCP
56,TCP
60,TCP
56,TCP
60,TCP
56,TCP
60,TCP
56,TCP
60,TCP
56,TCP
60,TCP
56,TCP
60,TCP
56,TCP
60,TCP
56,TCP
60,TCP
56,TCP
60,TCP
56,TCP
60,TCP
56,TCP
60,TCP
56,TCP
60,TCP
56,TCP
60,TCP
56,TCP
60,TCP
56,TCP
60,TCP
56,TCP
60,TCP
56,TCP
60,TCP
56,TCP
60,TCP
56,TCP
60,TCP
56,TCP
60,TCP
56,TCP
60,TCP
56,TCP
60,TCP
56,TCP
60,TCP
56,TCP
60,TCP
56,TCP
60,TCP
56,TCP
60,TCP
56,TCP
60,TCP
56,TCP
60,TCP
56,TCP
60,TCP
56,TCP
60,TCP
56,TCP
60,TCP
56,TCP
60,TCP
56,TCP
60,TCP
56,TCP
60,TCP
56,TCP
60,TCP
56,TCP
60,TCP
56,TCP
60,TCP
56,TCP
60,TCP
56,TCP
60,TCP
56,TCP
60,TCP
56,TCP
60,TCP
56,TCP
60,TCP
56,TCP
60,TCP
56,TCP
60,TCP
56,TCP
60,TCP
56,TCP
60,TCP
56,TCP
60,TCP
56,TCP
60,TCP
56,TCP
60,TCP
56,TCP
60,TCP
56,TCP
60,TCP
56,TCP
60,TCP
56,TCP
60,TCP
56,TCP
60,TCP
56,TCP
60,TCP
56,TCP
60,TCP
56,TCP
60,TCP
56,TCP
60,TCP
56,TCP
60,TCP
56,TCP
60,TCP
56,TCP
60,TCP
56,TCP
60,TCP
56,TCP
60,TCP
56,TCP
60,TCP
56,TCP
60,TCP
56,TCP
60,TCP
56,TCP
60,TCP
56,TCP
60,TCP
56,TCP
60,TCP
56,TCP
60,TCP
56,TCP
60,TCP
56,TCP
60,TCP
56,TCP
60,TCP
56,TCP
60,TCP
56,TCP
60,TCP
56,TCP
60,TCP
56,TCP
60,TCP
56,TCP
60,TCP
56,TCP
60,TCP
56,TCP
60,TCP
56,TCP
60,TCP
56,TCP
60,TCP
56,TCP
60,TCP
56,TCP
60,TCP
56,TCP
60,TCP
56,TCP
60,TCP
56,TCP
60,TCP
56,TCP
60,TCP
56,TCP
60,TCP
56,TCP
60,TCP
56,TCP
60,TCP
56,TCP
60,TCP
56,TCP
60,TCP
56,TCP
60,TCP
56,TCP
60,TCP
56,TCP
60,TCP
56,TCP
60,TCP
56,TCP
60,TCP
56,TCP
60,TCP
56,TCP
60,TCP
56,TCP
60,TCP
56,TCP
60,TCP
56,TCP
60,TCP
56,TCP
60,TCP
56,TCP
60,TCP
56,TCP
60,TCP
56,TCP
60,TCP
56,TCP
60,TCP
56,TCP
60,TCP
56,TCP
60,TCP
56,TCP
60,TCP
56,TCP
60,TCP
56,TCP
60,TCP
56,TCP
60,TCP
56,TCP
60,TCP
56,TCP
60,TCP
56,TCP
60,TCP
56,TCP
60,TCP
56,TCP
60,TCP
56,TCP
60,TCP
56,TCP
60,TCP
56,TCP
60,TCP
56,TCP
60,TCP
56,TCP
60,TCP
56,TCP
60,TCP
56,TCP
60,TCP
56,TCP
60,TCP
56,TCP
60,TCP
56,TCP
60,TCP
56,TCP
60,TCP
56,TCP
60,TCP
56,TCP
60,TCP
56,TCP
60,TCP
56,TCP
60,TCP
56,TCP
60,TCP
56,TCP
60,TCP
56,TCP
60,TCP
56,TCP
60,TCP
56,TCP
60,TCP
56,TCP
60,TCP
56,TCP
60,TCP
56,TCP
60,TCP
56,TCP
60,TCP
56,TCP
60,TCP
56,TCP
60,TCP
56,TCP
60,TCP
56,TCP
60,TCP
56,TCP
60,TCP
56,TCP
60,TCP
56,TCP
60,TCP
56,TCP
60,TCP
56,TCP
60,TCP
56,TCP
60,TCP
56,TCP
60,TCP
56,TCP
60,TCP
56,TCP
60,TCP
56,TCP
60,TCP
56,TCP
60,TCP
56,TCP
60,TCP
56,TCP
60,TCP
56,TCP
60,TCP
56,TCP
60,TCP
56,TCP
60,TCP
56,TCP
60,TCP
56,TCP
60,TCP
56,TCP
60,TCP
56,TCP
60,TCP
56,TCP
60,TCP
56,TCP
60,TCP
56,TCP
60,TCP
56,TCP
60,TCP
56,TCP
60,TCP
56,TCP
60,TCP
56,TCP
60,TCP
56,TCP
60,TCP
56,TCP
60,TCP
56,TCP
60,TCP
56,TCP
60,TCP
56,TCP
60,TCP
56,TCP
60,TCP
56,TCP
60,TCP
56,TCP
60,TCP
56,TCP
60,TCP
56,TCP
60,TCP
56,TCP
60,TCP
56,TCP
60,TCP
56,TCP
60,TCP
56,TCP
60,TCP
56,TCP
60,TCP
56,TCP
60,TCP
56,TCP
60,TCP
56,TCP
60,TCP
56,TCP
60,TCP
56,TCP
60,TCP
56,TCP
60,TCP
56,TCP
60,TCP
56,TCP
60,TCP
56,TCP
60,TCP
56,TCP
60,TCP
56,TCP
60,TCP
56,TCP
60,TCP
56,TCP
60,TCP
56,TCP
60,TCP
56,TCP
60,TCP
56,TCP
60,TCP
56,TCP
60,TCP
56,TCP
60,TCP
56,TCP
60,TCP
56,TCP
60,TCP
56,TCP
60,TCP
56,TCP
60,TCP
56,TCP
60,TCP
56,TCP
60,TCP
56,TCP
60,TCP
56,TCP
60,TCP
56,TCP
60,TCP
56,TCP
60,TCP
56,TCP
60,TCP
56,TCP
60,TCP
56,TCP
60,TCP
56,TCP
60,TCP
56,TCP
60,TCP
56,TCP
60,TCP
56,TCP
60,TCP
56,TCP
60,TCP
56,TCP
60,TCP
56,TCP
60,TCP
56,TCP
60,TCP
56,TCP
60,TCP
56,TCP
60,TCP
56,TCP
60,TCP
56,TCP
60,TCP
56,TCP
60,TCP
56,TCP
60,TCP
56,TCP
60,TCP
56,TCP
60,TCP
56,TCP
60,TCP
56,TCP
60,TCP
56,TCP
60,TCP
56,TCP
60,TCP
56,TCP
60,TCP
56,TCP
60,TCP
56,TCP
60,TCP
56,TCP
60,TCP
56,TCP
60,TCP
56,TCP
60,TCP
56,TCP
60,TCP
56,TCP
60,TCP
56,TCP
60,TCP
56,TCP
60,TCP
56,TCP
60,TCP
56,TCP
60,TCP
56,TCP
60,TCP
56,TCP
60,TCP
56,TCP
60,TCP
56,TCP
60,TCP
56,TCP
60,TCP
56,TCP
60,TCP
56,TCP
60,TCP
56,TCP
60,TCP
56,TCP
60,TCP
56,TCP
60,TCP
56,TCP
60,TCP
56,TCP
60,TCP
56,TCP
60,TCP
56,TCP
60,TCP
56,TCP
60,TCP
56,TCP
60,TCP
56,TCP
60,TCP
56,TCP
60,TCP
56,TCP
60,TCP
56,TCP
60,TCP
56,TCP
60,TCP
56,TCP
60,TCP
56,TCP
60,TCP
56,TCP
60,TCP
56,TCP
60,TCP
56,TCP
60,TCP
56,TCP
60,TCP
56,TCP
60,TCP
56,TCP
60,TCP
56,TCP
60,TCP
56,TCP
60,TCP
56,TCP
60,TCP
56,TCP
60,TCP
56,TCP
60,TCP
56,TCP
60,TCP
56,TCP
60,TCP
56,TCP
60,TCP
56,TCP
60,TCP
56,TCP
60,TCP
56,TCP
60,TCP
56,TCP
60,TCP
56,TCP
60,TCP
56,TCP
60,TCP
56,TCP
60,TCP
56,TCP
60,TCP
56,TCP
60,TCP
56,TCP
60,TCP
56,TCP
60,TCP
56,TCP
60,TCP
56,TCP
60,TCP
56,TCP
60,TCP
56,TCP
60,TCP
56,TCP
60,TCP
56,TCP
60,TCP
56,TCP
60,TCP
56,TCP
60,TCP
56,TCP
60,TCP
56,TCP
60,TCP
56,TCP
60,TCP
56,TCP
60,TCP
56,TCP
60,TCP
56,TCP
60,TCP
56,TCP
60,TCP
56,TCP
60,TCP
56,TCP
60,TCP
56,TCP
60,TCP
56,TCP
60,TCP
56,TCP
60,TCP
56,TCP
60,TCP
56,TCP
60,TCP
56,TCP
60,TCP
56,TCP
60,TCP
56,TCP
60,TCP
56,TCP
60,TCP
56,TCP
60,TCP
56,TCP
60,TCP
56,TCP
60,TCP
56,TCP
60,TCP
56,TCP
60,TCP
56,TCP
60,TCP
56,TCP
60,TCP
56,TCP
60,TCP
56,TCP
60,TCP
56,TCP
60,TCP
56,TCP
60,TCP
56,TCP
60,TCP
56,TCP
60,TCP
56,TCP
60,TCP
56,TCP
60,TCP
56,TCP
60,TCP
56,TCP
60,TCP
56,TCP
60,TCP
56,TCP
60,TCP
56,TCP
60,TCP
56,TCP
60,TCP
56,TCP
60,TCP
56,TCP
60,TCP
56,TCP
60,TCP
56,TCP
60,TCP
56,TCP
60,TCP
56,TCP
60,TCP
56,TCP
60,TCP
56,TCP
60,TCP
56,TCP
60,TCP
56,TCP
60,TCP
56,TCP
60,TCP
56,TCP
60,TCP
56,TCP
60,TCP
56,TCP
60,TCP
56,TCP
60,TCP
56,TCP
60,TCP
56,TCP
60,TCP
56,TCP
60,TCP
56,TCP
60,TCP
56,TCP
60,TCP
56,TCP
60,TCP
56,TCP
60,TCP
56,TCP
60,TCP
56,TCP
60,TCP
56,TCP
60,TCP
56,TCP
60,TCP
56,TCP
60,TCP
56,TCP
60,TCP
56,TCP
60,TCP
56,TCP
60,TCP
56,TCP
60,TCP
56,TCP
60,TCP
56,TCP
60,TCP
56,TCP
60,TCP
56,TCP
60,TCP
56,TCP
60,TCP
56,TCP
60,TCP
56,TCP
60,TCP
56,TCP
60,TCP
56,TCP
60,TCP
56,TCP
60,TCP
56,TCP
60,TCP
56,TCP
60,TCP
56,TCP
60,TCP
56,TCP
60,TCP
56,TCP
60,TCP
56,TCP
60,TCP
56,TCP
60,TCP
56,TCP
60,TCP
56,TCP
60,TCP
56,TCP
60,TCP
56,TCP
60,TCP
56,TCP
60,TCP
56,TCP
60,TCP
56,TCP
60,TCP
56,TCP
60,TCP
56,TCP
60,TCP
56,TCP
60,TCP
56,TCP
60,TCP
56,TCP
60,TCP
56,TCP
60,TCP
56,TCP
60,TCP
56,TCP
60,TCP
56,TCP
60,TCP
56,TCP
60,TCP
56,TCP
60,TCP
56,TCP
60,TCP
56,TCP
60,TCP
56,TCP
60,TCP
56,TCP
60,TCP
56,TCP
60,TCP
56,TCP
60,TCP
56,TCP
60,TCP
56,TCP
60,TCP
56,TCP
60,TCP
56,TCP
60,TCP
56,TCP
60,TCP
56,TCP
60,TCP
56,TCP
60,TCP
56,TCP
60,TCP
56,TCP
60,TCP
56,TCP
60,TCP
56,TCP
60,TCP
56,TCP
60,TCP
56,TCP
60,TCP
56,TCP
60,TCP
56,TCP
60,TCP
56,TCP
60,TCP
56,TCP
60,TCP
56,TCP
60,TCP
56,TCP
60,TCP
56,TCP
60,TCP
56,TCP
60,TCP
56,TCP
60,TCP
56,TCP
60,TCP
56,TCP
60,TCP
56,TCP
60,TCP
56,TCP
60,TCP
56,TCP
60,TCP
56,TCP
60,TCP
56,TCP
60,TCP
56,TCP
60,TCP
56,TCP
60,TCP
56,TCP
60,TCP
56,TCP
60,TCP
56,TCP
60,TCP
56,TCP
60,TCP
56,TCP
60,TCP
56,TCP
60,TCP
56,TCP
60,TCP
56,TCP
60,TCP
56,TCP
60,TCP
56,TCP
60,TCP
56,TCP
60,TCP
56,TCP
60,TCP
56,TCP
60,TCP
56,TCP
60,TCP
56,TCP
60,TCP
56,TCP
60,TCP
56,TCP
60,TCP
56,TCP
60,TCP
56,TCP
60,TCP
56,TCP
60,TCP
56,TCP
60,TCP
56,TCP
60,TCP
56,TCP
60,TCP
56,TCP
60,TCP
56,TCP
60,TCP
56,TCP
60,TCP
56,TCP
60,TCP
56,TCP
60,TCP
56,TCP
60,TCP
56,TCP
60,TCP
56,TCP
60,TCP
56,TCP
60,TCP
56,TCP
60,TCP
56,TCP
60,TCP
56,TCP
60,TCP
56,TCP
60,TCP
56,TCP
60,TCP
56,TCP
60,TCP
56,TCP
60,TCP
56,TCP
60,TCP
56,TCP
60,TCP
56,TCP
60,TCP
56,TCP
60,TCP
56,TCP
60,TCP
56,TCP
60,TCP
56,TCP
60,TCP
56,TCP
60,TCP
56,TCP
60,TCP
56,TCP
60,TCP
56,TCP
60,TCP
56,TCP
60,TCP
56,TCP
60,TCP
56,TCP
60,TCP
56,TCP
60,TCP
56,TCP
60,TCP
56,TCP
60,TCP
56,TCP
60,TCP
56,TCP
60,TCP
56,TCP
60,TCP
56,TCP
60,TCP
56,TCP
60,TCP
56,TCP
60,TCP
56,TCP
60,TCP
56,TCP
60,TCP
56,TCP
60,TCP
56,TCP
60,TCP
56,TCP
60,TCP
56,TCP
60,TCP
56,TCP
60,TCP
56,TCP
60,TCP
56,TCP
60,TCP
56,TCP
60,TCP
56,TCP
60,TCP
56,TCP
60,TCP
56,TCP
60,TCP
56,TCP
60,TCP
56,TCP
60,TCP
56,TCP
60,TCP
56,TCP
60,TCP
56,TCP
60,TCP
56,TCP
60,TCP
56,TCP
60,TCP
56,TCP
60,TCP
56,TCP
60,TCP
56,TCP
60,TCP
56,TCP
60,TCP
56,TCP
60,TCP
56,TCP
60,TCP
56,TCP
60,TCP
56,TCP
60,TCP
56,TCP
60,TCP
56,TCP
60,TCP
56,TCP
60,TCP
56,TCP
60,TCP
56,TCP
60,TCP
56,TCP
60,TCP
56,TCP
60,TCP
56,TCP
60,TCP
56,TCP
60,TCP
56,TCP
60,TCP
56,TCP
60,TCP
56,TCP
60,TCP
56,TCP
60,TCP
56,TCP
60,TCP
56,TCP
60,TCP
56,TCP
60,TCP
56,TCP
60,TCP
56,TCP
60,TCP
56,TCP
60,TCP
56,TCP
60,TCP
56,TCP
60,TCP
56,TCP
60,TCP
56,TCP
60,TCP
56,TCP
60,TCP
56,TCP
60,TCP
56,TCP
60,TCP
56,TCP
60,TCP
56,TCP
60,TCP
56,TCP
60,TCP
56,TCP
60,TCP
56,TCP
60,TCP
56,TCP
60,TCP
56,TCP
60,TCP
56,TCP
60,TCP
56,TCP
60,TCP
56,TCP
60,TCP
56,TCP
60,TCP
56,TCP
60,TCP
56,TCP
60,TCP
56,TCP
60,TCP
56,TCP
60,TCP
56,TCP
60,TCP
56,TCP
60,TCP
56,TCP
60,TCP
56,TCP
60,TCP
56,TCP
60,TCP
56,TCP
60,TCP
56,TCP
60,TCP
56,TCP
60,TCP
56,TCP
60,TCP
56,TCP
60,TCP
56,TCP
60,TCP
56,TCP
60,TCP
56,TCP
60,TCP
56,TCP
60,TCP
56,TCP
60,TCP
56,TCP
60,TCP
56,TCP
60,TCP
56,TCP
60,TCP
56,TCP
60,TCP
56,TCP
60,TCP
56,TCP
60,TCP
56,TCP
60,TCP
56,TCP
60,TCP
56,TCP
60,TCP
56,TCP
60,TCP
56,TCP
60,TCP
56,TCP
60,TCP
56,TCP
60,TCP
56,TCP
60,TCP
56,TCP
60,TCP
56,TCP
60,TCP
56,TCP
60,TCP
56,TCP
60,TCP
56,TCP
60,TCP
56,TCP
60,TCP
56,TCP
60,TCP
56,TCP
60,TCP
56,TCP
60,TCP
56,TCP
60,TCP
56,TCP
60,TCP
56,TCP
60,TCP
56,TCP
60,TCP
56,TCP
60,TCP
56,TCP
60,TCP
56,TCP
60,TCP
56,TCP
60,TCP
56,TCP
60,TCP
56,TCP
60,TCP
56,TCP
60,TCP
56,TCP
60,TCP
56,TCP
60,TCP
56,TCP
60,TCP
56,TCP
60,TCP
56,TCP
60,TCP
56,TCP
60,TCP
56,TCP
60,TCP
56,TCP
60,TCP
56,TCP
60,TCP
56,TCP
60,TCP
56,TCP
60,TCP
56,TCP
60,TCP
56,TCP
60,TCP
56,TCP
60,TCP
56,TCP
60,TCP
56,TCP
60,TCP
56,TCP
60,TCP
56,TCP
60,TCP
56,TCP
60,TCP
56,TCP
60,TCP
56,TCP
60,TCP
56,TCP
60,TCP
56,TCP
60,TCP
56,TCP
60,TCP
56,TCP
60,TCP
56,TCP
60,TCP
56,TCP
60,TCP
56,TCP
60,TCP
56,TCP
60,TCP
56,TCP
60,TCP
56,TCP
60,TCP
56,TCP
60,TCP
56,TCP
60,TCP
56,TCP
60,TCP
56,TCP
60,TCP
56,TCP
60,TCP
56,TCP
60,TCP
56,TCP
60,TCP
56,TCP
60,TCP
56,TCP
60,TCP
56,TCP
60,TCP
56,TCP
60,TCP
56,TCP
60,TCP
56,TCP
60,TCP
56,TCP
60,TCP
56,TCP
60,TCP
56,TCP
60,TCP
56,TCP
60,TCP
56,TCP
60,TCP
56,TCP
60,TCP
56,TCP
60,TCP
56,TCP
60,TCP
56,TCP
60,TCP
56,TCP
60,TCP
56,TCP
60,TCP
56,TCP
60,TCP
56,TCP
60,TCP
56,TCP
60,TCP
56,TCP
60,TCP
56,TCP
60,TCP
56,TCP
60,TCP
56,TCP
60,TCP
56,TCP
60,TCP
56,TCP
60,TCP
56,TCP
60,TCP
56,TCP
60,TCP
56,TCP
60,TCP
56,TCP
60,TCP
56,TCP
60,TCP
56,TCP
60,TCP
56,TCP
60,TCP
56,TCP
60,TCP
56,TCP
60,TCP
56,TCP
60,TCP
56,TCP
60,TCP
56,TCP
60,TCP
56,TCP
60,TCP
56,TCP
60,TCP
56,TCP
60,TCP
56,TCP
60,TCP
56,TCP
60,TCP
56,TCP
60,TCP
56,TCP
60,TCP
56,TCP
60,TCP
56,TCP
60,TCP
56,TCP
60,TCP
56,TCP
60,TCP
56,TCP
60,TCP
56,TCP
60,TCP
56,TCP
60,TCP
56,TCP
60,TCP
56,TCP
60,TCP
56,TCP
60,TCP
56,TCP
60,TCP
56,TCP
60,TCP
56,TCP
60,TCP
56,TCP
60,TCP
56,TCP
60,TCP
56,TCP
60,TCP
56,TCP
60,TCP
56,TCP
60,TCP
56,TCP
60,TCP
56,TCP
60,TCP
56,TCP
60,TCP
56,TCP
60,TCP
56,TCP
88,ICMPV6
44,ARP
62,ARP
62,ARP
44,ARP
