packet_length,protocal,label
169,SSDP,0
89,MDNS,0
109,MDNS,0
169,SSDP,0
89,MDNS,0
109,MDNS,0
169,SSDP,0
89,MDNS,0
109,MDNS,0
62,IGMP,0
64,IGMP,0
92,ICMPV6,0
92,ICMPV6,0
62,IGMP,0
88,ICMPV6,0
88,ICMPV6,0
88,ICMPV6,0
88,ICMPV6,0
88,ICMPV6,0
88,ICMPV6,0
88,ICMPV6,0
88,ICMPV6,0
88,ICMPV6,0
88,ICMPV6,0
88,ICMPV6,0
62,ARP,0
88,ICMPV6,0
88,ICMPV6,0
88,ICMPV6,0
88,ICMPV6,0
88,ICMPV6,0
88,ICMPV6,0
88,ICMPV6,0
88,ICMPV6,0
88,ICMPV6,0
88,ICMPV6,0
88,ICMPV6,0
88,ICMPV6,0
88,ICMPV6,0
62,ARP,0
88,ICMPV6,0
88,ICMPV6,0
169,SSDP,0
62,IGMP,0
89,MDNS,0
109,MDNS,0
64,IGMP,0
92,ICMPV6,0
88,ICMPV6,0
169,SSDP,0
89,MDNS,0
109,MDNS,0
88,ICMPV6,0
88,ICMPV6,0
169,SSDP,0
89,MDNS,0
109,MDNS,0
88,ICMPV6,0
88,ICMPV6,0
169,SSDP,0
89,MDNS,0
109,MDNS,0
88,ICMPV6,0
88,ICMPV6,0
169,SSDP,0
89,MDNS,0
109,MDNS,0
88,ICMPV6,0
88,ICMPV6,0
88,ICMPV6,0
88,ICMPV6,0
88,ICMPV6,0
88,ICMPV6,0
62,ARP,0
88,ICMPV6,0
88,ICMPV6,0
88,ICMPV6,0
83,DNS,0
83,DNS,0
83,DNS,0
83,DNS,0
99,DNS,0
99,DNS,0
111,DNS,0
111,DNS,0
145,DNS,0
145,DNS,0
185,DNS,0
185,DNS,0
120,ICMPV6,0
120,ICMPV6,0
145,DNS,0
185,DNS,0
88,ICMPV6,0
120,ICMPV6,0
120,ICMPV6,0
145,DNS,0
185,DNS,0
88,ICMPV6,0
120,ICMPV6,0
120,ICMPV6,0
145,DNS,0
185,DNS,0
88,ICMPV6,0
120,ICMPV6,0
120,ICMPV6,0
145,DNS,0
185,DNS,0
88,ICMPV6,0
120,ICMPV6,0
120,ICMPV6,0
145,DNS,0
185,DNS,0
88,ICMPV6,0
62,ARP,0
44,ARP,0
120,ICMPV6,0
120,ICMPV6,0
145,DNS,0
185,DNS,0
88,ICMPV6,0
44,ARP,0
80,ICMPV6,0
62,ARP,0
88,ICMPV6,0
120,ICMPV6,0
120,ICMPV6,0
145,DNS,0
185,DNS,0
88,ICMPV6,0
120,ICMPV6,0
120,ICMPV6,0
145,DNS,0
185,DNS,0
120,ICMPV6,0
120,ICMPV6,0
145,DNS,0
185,DNS,0
120,ICMPV6,0
120,ICMPV6,0
145,DNS,0
185,DNS,0
120,ICMPV6,0
120,ICMPV6,0
145,DNS,0
185,DNS,0
88,ICMPV6,0
80,ICMPV6,0
120,ICMPV6,0
120,ICMPV6,0
145,DNS,0
185,DNS,0
120,ICMPV6,0
120,ICMPV6,0
145,DNS,0
185,DNS,0
120,ICMPV6,0
120,ICMPV6,0
145,DNS,0
185,DNS,0
88,ICMPV6,0
120,ICMPV6,0
120,ICMPV6,0
145,DNS,0
185,DNS,0
88,ICMPV6,0
120,ICMPV6,0
120,ICMPV6,0
145,DNS,0
185,DNS,0
88,ICMPV6,0
120,ICMPV6,0
120,ICMPV6,0
145,DNS,0
185,DNS,0
88,ICMPV6,0
120,ICMPV6,0
120,ICMPV6,0
145,DNS,0
185,DNS,0
88,ICMPV6,0
88,ICMPV6,0
88,ICMPV6,0
88,ICMPV6,0
88,ICMPV6,0
88,ICMPV6,0
88,ICMPV6,0
88,ICMPV6,0
88,ICMPV6,0
88,ICMPV6,0
88,ICMPV6,0
88,ICMPV6,0
88,ICMPV6,0
88,ICMPV6,1
62,ARP,1
88,ICMPV6,1
88,ICMPV6,1
88,ICMPV6,1
88,ICMPV6,1
79,DNS,1
95,DNS,1
79,DNS,1
135,DNS,1
88,ICMPV6,1
88,ICMPV6,1
88,ICMPV6,1
88,ICMPV6,1
88,ICMPV6,1
88,ICMPV6,1
88,ICMPV6,1
88,ICMPV6,1
88,ICMPV6,1
88,ICMPV6,1
88,ICMPV6,1
62,ARP,1
88,ICMPV6,1
88,ICMPV6,1
88,ICMPV6,1
88,ICMPV6,1
88,ICMPV6,1
88,ICMPV6,1
88,ICMPV6,1
88,DNS,1
99,DNS,1
88,DNS,1
88,DNS,1
88,DNS,1
134,DNS,1
60,TCP,1
56,TCP,1
60,TCP,1
56,TCP,1
60,TCP,1
56,TCP,1
60,TCP,1
56,TCP,1
60,TCP,1
56,TCP,1
60,TCP,1
56,TCP,1
60,TCP,1
56,TCP,1
60,TCP,1
56,TCP,1
60,TCP,1
56,TCP,1
60,TCP,1
56,TCP,1
60,TCP,1
56,TCP,1
60,TCP,1
56,TCP,1
60,TCP,1
56,TCP,1
60,TCP,1
56,TCP,1
60,TCP,1
56,TCP,1
60,TCP,1
56,TCP,1
60,TCP,1
56,TCP,1
60,TCP,1
56,TCP,1
60,TCP,1
56,TCP,1
60,TCP,1
56,TCP,1
60,TCP,1
56,TCP,1
60,TCP,1
56,TCP,1
60,TCP,1
56,TCP,1
60,TCP,1
56,TCP,1
60,TCP,1
56,TCP,1
60,TCP,1
56,TCP,1
60,TCP,1
56,TCP,1
60,TCP,1
60,TCP,1
56,TCP,1
60,TCP,1
56,TCP,1
60,TCP,1
56,TCP,1
60,TCP,1
56,TCP,1
60,TCP,1
56,TCP,1
60,TCP,1
56,TCP,1
60,TCP,1
56,TCP,1
60,TCP,1
56,TCP,1
60,TCP,1
56,TCP,1
60,TCP,1
56,TCP,1
60,TCP,1
56,TCP,1
60,TCP,1
56,TCP,1
60,TCP,1
56,TCP,1
60,TCP,1
56,TCP,1
60,TCP,1
56,TCP,1
60,TCP,1
56,TCP,1
60,TCP,1
56,TCP,1
60,TCP,1
56,TCP,1
60,TCP,1
56,TCP,1
60,TCP,1
56,TCP,1
60,TCP,1
56,TCP,1
60,TCP,1
56,TCP,1
60,TCP,1
56,TCP,1
60,TCP,1
56,TCP,1
60,TCP,1
56,TCP,1
60,TCP,1
56,TCP,1
60,TCP,1
56,TCP,1
60,TCP,1
56,TCP,1
60,TCP,1
56,TCP,1
60,TCP,1
56,TCP,1
60,TCP,1
56,TCP,1
60,TCP,1
56,TCP,1
60,TCP,1
56,TCP,1
60,TCP,1
56,TCP,1
60,TCP,1
56,TCP,1
60,TCP,1
56,TCP,1
60,TCP,1
56,TCP,1
60,TCP,1
56,TCP,1
60,TCP,1
56,TCP,1
60,TCP,1
56,TCP,1
60,TCP,1
56,TCP,1
60,TCP,1
56,TCP,1
60,TCP,1
56,TCP,1
60,TCP,1
56,TCP,1
60,TCP,1
56,TCP,1
60,TCP,1
56,TCP,1
60,TCP,1
56,TCP,1
60,TCP,1
56,TCP,1
60,TCP,1
56,TCP,1
60,TCP,1
56,TCP,1
60,TCP,1
56,TCP,1
60,TCP,1
56,TCP,1
60,TCP,1
56,TCP,1
60,TCP,1
56,TCP,1
60,TCP,1
56,TCP,1
60,TCP,1
56,TCP,1
60,TCP,1
56,TCP,1
60,TCP,1
56,TCP,1
60,TCP,1
56,TCP,1
60,TCP,1
56,TCP,1
60,TCP,1
56,TCP,1
60,TCP,1
56,TCP,1
60,TCP,1
56,TCP,1
60,TCP,1
56,TCP,1
60,TCP,1
56,TCP,1
60,TCP,1
56,TCP,1
60,TCP,1
56,TCP,1
60,TCP,1
56,TCP,1
60,TCP,1
56,TCP,1
60,TCP,1
56,TCP,1
60,TCP,1
56,TCP,1
60,TCP,1
56,TCP,1
60,TCP,1
56,TCP,1
60,TCP,1
56,TCP,1
60,TCP,1
56,TCP,1
60,TCP,1
56,TCP,1
60,TCP,1
56,TCP,1
60,TCP,1
56,TCP,1
60,TCP,1
56,TCP,1
60,TCP,1
56,TCP,1
60,TCP,1
56,TCP,1
60,TCP,1
56,TCP,1
60,TCP,1
56,TCP,1
60,TCP,1
56,TCP,1
60,TCP,1
56,TCP,1
60,TCP,1
56,TCP,1
60,TCP,1
56,TCP,1
60,TCP,1
56,TCP,1
60,TCP,1
56,TCP,1
60,TCP,1
56,TCP,1
60,TCP,1
56,TCP,1
60,TCP,1
56,TCP,1
60,TCP,1
56,TCP,1
60,TCP,1
56,TCP,1
60,TCP,1
56,TCP,1
60,TCP,1
56,TCP,1
60,TCP,1
56,TCP,1
60,TCP,1
56,TCP,1
60,TCP,1
56,TCP,1
60,TCP,1
56,TCP,1
60,TCP,1
56,TCP,1
60,TCP,1
56,TCP,1
60,TCP,1
56,TCP,1
60,TCP,1
56,TCP,1
60,TCP,1
56,TCP,1
60,TCP,1
56,TCP,1
60,TCP,1
56,TCP,1
60,TCP,1
56,TCP,1
60,TCP,1
56,TCP,1
60,TCP,1
56,TCP,1
60,TCP,1
56,TCP,1
60,TCP,1
56,TCP,1
60,TCP,1
56,TCP,1
60,TCP,1
56,TCP,1
60,TCP,1
56,TCP,1
60,TCP,1
56,TCP,1
60,TCP,1
56,TCP,1
60,TCP,1
56,TCP,1
60,TCP,1
56,TCP,1
60,TCP,1
56,TCP,1
60,TCP,1
56,TCP,1
60,TCP,1
56,TCP,1
60,TCP,1
56,TCP,1
60,TCP,1
56,TCP,1
60,TCP,1
56,TCP,1
60,TCP,1
56,TCP,1
60,TCP,1
56,TCP,1
60,TCP,1
56,TCP,1
60,TCP,1
56,TCP,1
60,TCP,1
56,TCP,1
60,TCP,1
56,TCP,1
60,TCP,1
56,TCP,1
60,TCP,1
56,TCP,1
60,TCP,1
56,TCP,1
60,TCP,1
56,TCP,1
60,TCP,1
56,TCP,1
60,TCP,1
56,TCP,1
60,TCP,1
56,TCP,1
60,TCP,1
56,TCP,1
60,TCP,1
56,TCP,1
60,TCP,1
56,TCP,1
60,TCP,1
56,TCP,1
60,TCP,1
56,TCP,1
60,TCP,1
56,TCP,1
60,TCP,1
56,TCP,1
60,TCP,1
56,TCP,1
60,TCP,1
56,TCP,1
60,TCP,1
56,TCP,1
60,TCP,1
56,TCP,1
60,TCP,1
56,TCP,1
60,TCP,1
56,TCP,1
60,TCP,1
56,TCP,1
60,TCP,1
56,TCP,1
60,TCP,1
56,TCP,1
60,TCP,1
56,TCP,1
60,TCP,1
56,TCP,1
60,TCP,1
56,TCP,1
60,TCP,1
56,TCP,1
60,TCP,1
56,TCP,1
60,TCP,1
56,TCP,1
60,TCP,1
56,TCP,1
60,TCP,1
56,TCP,1
60,TCP,1
56,TCP,1
60,TCP,1
56,TCP,1
60,TCP,1
56,TCP,1
60,TCP,1
56,TCP,1
60,TCP,1
56,TCP,1
60,TCP,1
56,TCP,1
60,TCP,1
56,TCP,1
60,TCP,1
56,TCP,1
60,TCP,1
56,TCP,1
60,TCP,1
56,TCP,1
60,TCP,1
56,TCP,1
60,TCP,1
56,TCP,1
60,TCP,1
56,TCP,1
60,TCP,1
56,TCP,1
60,TCP,1
56,TCP,1
60,TCP,1
56,TCP,1
60,TCP,1
56,TCP,1
60,TCP,1
56,TCP,1
60,TCP,1
56,TCP,1
60,TCP,1
56,TCP,1
60,TCP,1
56,TCP,1
60,TCP,1
56,TCP,1
60,TCP,1
56,TCP,1
60,TCP,1
56,TCP,1
60,TCP,1
56,TCP,1
60,TCP,1
56,TCP,1
60,TCP,1
56,TCP,1
60,TCP,1
56,TCP,1
60,TCP,1
56,TCP,1
60,TCP,1
56,TCP,1
60,TCP,1
56,TCP,1
60,TCP,1
56,TCP,1
60,TCP,1
56,TCP,1
60,TCP,1
56,TCP,1
60,TCP,1
56,TCP,1
60,TCP,1
56,TCP,1
60,TCP,1
56,TCP,1
60,TCP,1
56,TCP,1
60,TCP,1
56,TCP,1
60,TCP,1
56,TCP,1
60,TCP,1
56,TCP,1
60,TCP,1
56,TCP,1
60,TCP,1
56,TCP,1
60,TCP,1
56,TCP,1
60,TCP,1
56,TCP,1
60,TCP,1
56,TCP,1
60,TCP,1
56,TCP,1
60,TCP,1
56,TCP,1
60,TCP,1
56,TCP,1
60,TCP,1
56,TCP,1
60,TCP,1
56,TCP,1
60,TCP,1
56,TCP,1
60,TCP,1
56,TCP,1
60,TCP,1
56,TCP,1
60,TCP,1
56,TCP,1
60,TCP,1
56,TCP,1
60,TCP,1
56,TCP,1
60,TCP,1
56,TCP,1
60,TCP,1
56,TCP,1
60,TCP,1
56,TCP,1
60,TCP,1
56,TCP,1
60,TCP,1
56,TCP,1
60,TCP,1
56,TCP,1
60,TCP,1
56,TCP,1
60,TCP,1
56,TCP,1
60,TCP,1
56,TCP,1
60,TCP,1
56,TCP,1
60,TCP,1
56,TCP,1
60,TCP,1
56,TCP,1
60,TCP,1
56,TCP,1
60,TCP,1
56,TCP,1
60,TCP,1
56,TCP,1
60,TCP,1
56,TCP,1
60,TCP,1
56,TCP,1
60,TCP,1
56,TCP,1
60,TCP,1
56,TCP,1
60,TCP,1
56,TCP,1
60,TCP,1
56,TCP,1
60,TCP,1
56,TCP,1
60,TCP,1
56,TCP,1
60,TCP,1
56,TCP,1
60,TCP,1
56,TCP,1
60,TCP,1
56,TCP,1
60,TCP,1
56,TCP,1
60,TCP,1
56,TCP,1
60,TCP,1
56,TCP,1
60,TCP,1
56,TCP,1
60,TCP,1
56,TCP,1
60,TCP,1
56,TCP,1
60,TCP,1
56,TCP,1
60,TCP,1
56,TCP,1
60,TCP,1
56,TCP,1
60,TCP,1
56,TCP,1
60,TCP,1
56,TCP,1
60,TCP,1
56,TCP,1
60,TCP,1
56,TCP,1
60,TCP,1
56,TCP,1
60,TCP,1
56,TCP,1
60,TCP,1
56,TCP,1
60,TCP,1
56,TCP,1
60,TCP,1
56,TCP,1
60,TCP,1
56,TCP,1
60,TCP,1
56,TCP,1
60,TCP,1
56,TCP,1
60,TCP,1
56,TCP,1
60,TCP,1
56,TCP,1
60,TCP,1
56,TCP,1
60,TCP,1
56,TCP,1
60,TCP,1
56,TCP,1
60,TCP,1
56,TCP,1
60,TCP,1
56,TCP,1
60,TCP,1
56,TCP,1
60,TCP,1
56,TCP,1
60,TCP,1
56,TCP,1
60,TCP,1
56,TCP,1
60,TCP,1
56,TCP,1
60,TCP,1
56,TCP,1
60,TCP,1
56,TCP,1
60,TCP,1
56,TCP,1
60,TCP,1
56,TCP,1
60,TCP,1
56,TCP,1
60,TCP,1
56,TCP,1
60,TCP,1
56,TCP,1
60,TCP,1
56,TCP,1
60,TCP,1
56,TCP,1
60,TCP,1
56,TCP,1
60,TCP,1
56,TCP,1
60,TCP,1
56,TCP,1
60,TCP,1
56,TCP,1
60,TCP,1
56,TCP,1
60,TCP,1
56,TCP,1
60,TCP,1
56,TCP,1
60,TCP,1
56,TCP,1
60,TCP,1
56,TCP,1
60,TCP,1
56,TCP,1
60,TCP,1
56,TCP,1
60,TCP,1
56,TCP,1
60,TCP,1
56,TCP,1
60,TCP,1
56,TCP,1
60,TCP,1
56,TCP,1
60,TCP,1
56,TCP,1
60,TCP,1
56,TCP,1
60,TCP,1
56,TCP,1
60,TCP,1
56,TCP,1
60,TCP,1
56,TCP,1
60,TCP,1
56,TCP,1
60,TCP,1
56,TCP,1
60,TCP,1
56,TCP,1
60,TCP,1
56,TCP,1
60,TCP,1
56,TCP,1
60,TCP,1
56,TCP,1
60,TCP,1
56,TCP,1
60,TCP,1
56,TCP,1
60,TCP,1
56,TCP,1
60,TCP,1
56,TCP,1
60,TCP,1
56,TCP,1
60,TCP,1
56,TCP,1
60,TCP,1
56,TCP,1
60,TCP,1
56,TCP,1
60,TCP,1
56,TCP,1
60,TCP,1
56,TCP,1
60,TCP,1
56,TCP,1
60,TCP,1
56,TCP,1
60,TCP,1
56,TCP,1
60,TCP,1
56,TCP,1
60,TCP,1
56,TCP,1
60,TCP,1
56,TCP,1
60,TCP,1
56,TCP,1
60,TCP,1
56,TCP,1
60,TCP,1
56,TCP,1
60,TCP,1
56,TCP,1
60,TCP,1
56,TCP,1
60,TCP,1
56,TCP,1
60,TCP,1
56,TCP,1
60,TCP,1
56,TCP,1
60,TCP,1
56,TCP,1
60,TCP,1
56,TCP,1
60,TCP,1
56,TCP,1
60,TCP,1
56,TCP,1
60,TCP,1
56,TCP,1
60,TCP,1
56,TCP,1
60,TCP,1
56,TCP,1
60,TCP,1
56,TCP,1
60,TCP,1
56,TCP,1
60,TCP,1
56,TCP,1
60,TCP,1
56,TCP,1
60,TCP,1
56,TCP,1
60,TCP,1
56,TCP,1
60,TCP,1
56,TCP,1
60,TCP,1
56,TCP,1
60,TCP,1
56,TCP,1
60,TCP,1
56,TCP,1
60,TCP,1
56,TCP,1
60,TCP,1
56,TCP,1
60,TCP,1
56,TCP,1
60,TCP,1
56,TCP,1
60,TCP,1
56,TCP,1
60,TCP,1
56,TCP,1
60,TCP,1
56,TCP,1
60,TCP,1
56,TCP,1
60,TCP,1
56,TCP,1
60,TCP,1
56,TCP,1
60,TCP,1
56,TCP,1
60,TCP,1
56,TCP,1
60,TCP,1
56,TCP,1
60,TCP,1
56,TCP,1
60,TCP,1
56,TCP,1
60,TCP,1
56,TCP,1
60,TCP,1
56,TCP,1
60,TCP,1
56,TCP,1
60,TCP,1
56,TCP,1
60,TCP,1
56,TCP,1
60,TCP,1
56,TCP,1
60,TCP,1
56,TCP,1
60,TCP,1
56,TCP,1
60,TCP,1
56,TCP,1
60,TCP,1
56,TCP,1
60,TCP,1
56,TCP,1
60,TCP,1
56,TCP,1
60,TCP,1
56,TCP,1
60,TCP,1
56,TCP,1
60,TCP,1
56,TCP,1
60,TCP,1
56,TCP,1
60,TCP,1
56,TCP,1
60,TCP,1
56,TCP,1
60,TCP,1
56,TCP,1
60,TCP,1
56,TCP,1
60,TCP,1
56,TCP,1
60,TCP,1
56,TCP,1
60,TCP,1
56,TCP,1
60,TCP,1
56,TCP,1
60,TCP,1
56,TCP,1
60,TCP,1
56,TCP,1
60,TCP,1
56,TCP,1
60,TCP,1
56,TCP,1
60,TCP,1
56,TCP,1
60,TCP,1
56,TCP,1
60,TCP,1
56,TCP,1
60,TCP,1
56,TCP,1
60,TCP,1
56,TCP,1
60,TCP,1
56,TCP,1
60,TCP,1
56,TCP,1
60,TCP,1
56,TCP,1
60,TCP,1
56,TCP,1
60,TCP,1
56,TCP,1
60,TCP,1
56,TCP,1
60,TCP,1
56,TCP,1
60,TCP,1
56,TCP,1
60,TCP,1
56,TCP,1
60,TCP,1
56,TCP,1
60,TCP,1
56,TCP,1
60,TCP,1
56,TCP,1
60,TCP,1
56,TCP,1
60,TCP,1
56,TCP,1
60,TCP,1
56,TCP,1
60,TCP,1
56,TCP,1
60,TCP,1
56,TCP,1
60,TCP,1
56,TCP,1
60,TCP,1
56,TCP,1
60,TCP,1
56,TCP,1
60,TCP,1
56,TCP,1
60,TCP,1
56,TCP,1
60,TCP,1
56,TCP,1
60,TCP,1
56,TCP,1
60,TCP,1
56,TCP,1
60,TCP,1
56,TCP,1
60,TCP,1
56,TCP,1
60,TCP,1
56,TCP,1
60,TCP,1
56,TCP,1
60,TCP,1
56,TCP,1
60,TCP,1
56,TCP,1
60,TCP,1
56,TCP,1
60,TCP,1
56,TCP,1
60,TCP,1
56,TCP,1
60,TCP,1
56,TCP,1
60,TCP,1
56,TCP,1
60,TCP,1
56,TCP,1
60,TCP,1
56,TCP,1
60,TCP,1
56,TCP,1
60,TCP,1
56,TCP,1
60,TCP,1
56,TCP,1
60,TCP,1
56,TCP,1
60,TCP,1
56,TCP,1
60,TCP,1
56,TCP,1
60,TCP,1
56,TCP,1
60,TCP,1
56,TCP,1
60,TCP,1
56,TCP,1
60,TCP,1
56,TCP,1
60,TCP,1
56,TCP,1
60,TCP,1
56,TCP,1
60,TCP,1
56,TCP,1
60,TCP,1
56,TCP,1
60,TCP,1
56,TCP,1
60,TCP,1
56,TCP,1
60,TCP,1
56,TCP,1
60,TCP,1
56,TCP,1
60,TCP,1
56,TCP,1
60,TCP,1
56,TCP,1
60,TCP,1
56,TCP,1
60,TCP,1
56,TCP,1
60,TCP,1
56,TCP,1
60,TCP,1
56,TCP,1
60,TCP,1
56,TCP,1
60,TCP,1
56,TCP,1
60,TCP,1
56,TCP,1
60,TCP,1
56,TCP,1
60,TCP,1
56,TCP,1
60,TCP,1
56,TCP,1
60,TCP,1
56,TCP,1
60,TCP,1
56,TCP,1
60,TCP,1
56,TCP,1
60,TCP,1
56,TCP,1
60,TCP,1
56,TCP,1
60,TCP,1
56,TCP,1
60,TCP,1
56,TCP,1
60,TCP,1
56,TCP,1
60,TCP,1
56,TCP,1
60,TCP,1
56,TCP,1
60,TCP,1
56,TCP,1
60,TCP,1
56,TCP,1
60,TCP,1
56,TCP,1
60,TCP,1
56,TCP,1
60,TCP,1
56,TCP,1
60,TCP,1
56,TCP,1
60,TCP,1
56,TCP,1
60,TCP,1
56,TCP,1
60,TCP,1
56,TCP,1
60,TCP,1
56,TCP,1
60,TCP,1
56,TCP,1
60,TCP,1
56,TCP,1
60,TCP,1
56,TCP,1
60,TCP,1
56,TCP,1
60,TCP,1
56,TCP,1
60,TCP,1
56,TCP,1
60,TCP,1
56,TCP,1
60,TCP,1
56,TCP,1
60,TCP,1
56,TCP,1
60,TCP,1
56,TCP,1
60,TCP,1
56,TCP,1
60,TCP,1
56,TCP,1
60,TCP,1
56,TCP,1
60,TCP,1
56,TCP,1
60,TCP,1
56,TCP,1
60,TCP,1
56,TCP,1
60,TCP,1
56,TCP,1
60,TCP,1
56,TCP,1
60,TCP,1
56,TCP,1
60,TCP,1
56,TCP,1
60,TCP,1
56,TCP,1
60,TCP,1
56,TCP,1
60,TCP,1
56,TCP,1
60,TCP,1
56,TCP,1
60,TCP,1
56,TCP,1
60,TCP,1
56,TCP,1
60,TCP,1
56,TCP,1
60,TCP,1
56,TCP,1
60,TCP,1
56,TCP,1
60,TCP,1
56,TCP,1
60,TCP,1
56,TCP,1
60,TCP,1
56,TCP,1
60,TCP,1
56,TCP,1
60,TCP,1
56,TCP,1
60,TCP,1
56,TCP,1
60,TCP,1
56,TCP,1
60,TCP,1
56,TCP,1
60,TCP,1
56,TCP,1
60,TCP,1
56,TCP,1
60,TCP,1
56,TCP,1
60,TCP,1
56,TCP,1
60,TCP,1
56,TCP,1
60,TCP,1
56,TCP,1
60,TCP,1
56,TCP,1
60,TCP,1
56,TCP,1
60,TCP,1
56,TCP,1
60,TCP,1
56,TCP,1
60,TCP,1
56,TCP,1
60,TCP,1
56,TCP,1
60,TCP,1
56,TCP,1
60,TCP,1
56,TCP,1
60,TCP,1
56,TCP,1
60,TCP,1
56,TCP,1
60,TCP,1
56,TCP,1
60,TCP,1
56,TCP,1
60,TCP,1
56,TCP,1
60,TCP,1
56,TCP,1
60,TCP,1
56,TCP,1
60,TCP,1
56,TCP,1
60,TCP,1
56,TCP,1
60,TCP,1
56,TCP,1
60,TCP,1
56,TCP,1
60,TCP,1
56,TCP,1
60,TCP,1
56,TCP,1
60,TCP,1
56,TCP,1
60,TCP,1
56,TCP,1
60,TCP,1
56,TCP,1
60,TCP,1
56,TCP,1
60,TCP,1
56,TCP,1
60,TCP,1
56,TCP,1
60,TCP,1
56,TCP,1
60,TCP,1
56,TCP,1
60,TCP,1
56,TCP,1
60,TCP,1
56,TCP,1
60,TCP,1
56,TCP,1
60,TCP,1
56,TCP,1
60,TCP,1
56,TCP,1
60,TCP,1
56,TCP,1
60,TCP,1
56,TCP,1
60,TCP,1
56,TCP,1
60,TCP,1
56,TCP,1
60,TCP,1
56,TCP,1
60,TCP,1
56,TCP,1
60,TCP,1
56,TCP,1
60,TCP,1
56,TCP,1
60,TCP,1
56,TCP,1
60,TCP,1
56,TCP,1
60,TCP,1
56,TCP,1
60,TCP,1
56,TCP,1
60,TCP,1
56,TCP,1
60,TCP,1
56,TCP,1
60,TCP,1
56,TCP,1
60,TCP,1
56,TCP,1
60,TCP,1
56,TCP,1
60,TCP,1
56,TCP,1
60,TCP,1
56,TCP,1
60,TCP,1
56,TCP,1
60,TCP,1
56,TCP,1
60,TCP,1
56,TCP,1
60,TCP,1
56,TCP,1
60,TCP,1
56,TCP,1
60,TCP,1
56,TCP,1
60,TCP,1
56,TCP,1
60,TCP,1
56,TCP,1
60,TCP,1
56,TCP,1
60,TCP,1
56,TCP,1
60,TCP,1
56,TCP,1
60,TCP,1
56,TCP,1
60,TCP,1
56,TCP,1
60,TCP,1
56,TCP,1
60,TCP,1
56,TCP,1
60,TCP,1
56,TCP,1
60,TCP,1
56,TCP,1
60,TCP,1
56,TCP,1
60,TCP,1
56,TCP,1
60,TCP,1
56,TCP,1
60,TCP,1
56,TCP,1
60,TCP,1
56,TCP,1
60,TCP,1
56,TCP,1
60,TCP,1
56,TCP,1
60,TCP,1
56,TCP,1
60,TCP,1
56,TCP,1
60,TCP,1
56,TCP,1
60,TCP,1
56,TCP,1
60,TCP,1
56,TCP,1
60,TCP,1
56,TCP,1
60,TCP,1
56,TCP,1
60,TCP,1
56,TCP,1
60,TCP,1
56,TCP,1
60,TCP,1
56,TCP,1
60,TCP,1
56,TCP,1
60,TCP,1
56,TCP,1
60,TCP,1
56,TCP,1
60,TCP,1
56,TCP,1
60,TCP,1
56,TCP,1
60,TCP,1
56,TCP,1
60,TCP,1
56,TCP,1
60,TCP,1
56,TCP,1
60,TCP,1
56,TCP,1
60,TCP,1
56,TCP,1
60,TCP,1
56,TCP,1
60,TCP,1
56,TCP,1
60,TCP,1
56,TCP,1
60,TCP,1
56,TCP,1
60,TCP,1
56,TCP,1
60,TCP,1
56,TCP,1
60,TCP,1
56,TCP,1
60,TCP,1
56,TCP,1
60,TCP,1
56,TCP,1
60,TCP,1
56,TCP,1
60,TCP,1
56,TCP,1
60,TCP,1
56,TCP,1
60,TCP,1
56,TCP,1
60,TCP,1
56,TCP,1
60,TCP,1
56,TCP,1
60,TCP,1
56,TCP,1
60,TCP,1
56,TCP,1
60,TCP,1
56,TCP,1
60,TCP,1
56,TCP,1
60,TCP,1
56,TCP,1
60,TCP,1
56,TCP,1
60,TCP,1
56,TCP,1
60,TCP,1
56,TCP,1
60,TCP,1
56,TCP,1
60,TCP,1
56,TCP,1
60,TCP,1
56,TCP,1
60,TCP,1
56,TCP,1
60,TCP,1
56,TCP,1
60,TCP,1
56,TCP,1
60,TCP,1
56,TCP,1
60,TCP,1
56,TCP,1
60,TCP,1
56,TCP,1
60,TCP,1
56,TCP,1
60,TCP,1
56,TCP,1
60,TCP,1
56,TCP,1
60,TCP,1
56,TCP,1
60,TCP,1
56,TCP,1
60,TCP,1
56,TCP,1
60,TCP,1
56,TCP,1
60,TCP,1
56,TCP,1
60,TCP,1
56,TCP,1
60,TCP,1
56,TCP,1
60,TCP,1
56,TCP,1
60,TCP,1
56,TCP,1
60,TCP,1
56,TCP,1
60,TCP,1
56,TCP,1
60,TCP,1
56,TCP,1
60,TCP,1
56,TCP,1
60,TCP,1
56,TCP,1
60,TCP,1
56,TCP,1
60,TCP,1
56,TCP,1
60,TCP,1
56,TCP,1
60,TCP,1
56,TCP,1
60,TCP,1
56,TCP,1
60,TCP,1
56,TCP,1
60,TCP,1
56,TCP,1
60,TCP,1
56,TCP,1
60,TCP,1
56,TCP,1
60,TCP,1
56,TCP,1
60,TCP,1
56,TCP,1
60,TCP,1
56,TCP,1
60,TCP,1
56,TCP,1
60,TCP,1
56,TCP,1
60,TCP,1
56,TCP,1
60,TCP,1
56,TCP,1
60,TCP,1
56,TCP,1
60,TCP,1
56,TCP,1
60,TCP,1
56,TCP,1
60,TCP,1
56,TCP,1
60,TCP,1
56,TCP,1
60,TCP,1
56,TCP,1
60,TCP,1
56,TCP,1
60,TCP,1
56,TCP,1
60,TCP,1
56,TCP,1
60,TCP,1
56,TCP,1
60,TCP,1
56,TCP,1
60,TCP,1
56,TCP,1
60,TCP,1
56,TCP,1
60,TCP,1
56,TCP,1
60,TCP,1
56,TCP,1
60,TCP,1
56,TCP,1
60,TCP,1
56,TCP,1
60,TCP,1
56,TCP,1
60,TCP,1
56,TCP,1
60,TCP,1
56,TCP,1
60,TCP,1
56,TCP,1
60,TCP,1
56,TCP,1
60,TCP,1
56,TCP,1
60,TCP,1
56,TCP,1
60,TCP,1
56,TCP,1
60,TCP,1
56,TCP,1
60,TCP,1
56,TCP,1
60,TCP,1
56,TCP,1
60,TCP,1
56,TCP,1
60,TCP,1
56,TCP,1
60,TCP,1
56,TCP,1
60,TCP,1
56,TCP,1
60,TCP,1
56,TCP,1
60,TCP,1
56,TCP,1
60,TCP,1
56,TCP,1
60,TCP,1
56,TCP,1
60,TCP,1
56,TCP,1
60,TCP,1
56,TCP,1
60,TCP,1
56,TCP,1
60,TCP,1
56,TCP,1
60,TCP,1
56,TCP,1
60,TCP,1
56,TCP,1
60,TCP,1
56,TCP,1
60,TCP,1
56,TCP,1
60,TCP,1
56,TCP,1
60,TCP,1
56,TCP,1
60,TCP,1
56,TCP,1
60,TCP,1
56,TCP,1
60,TCP,1
56,TCP,1
60,TCP,1
56,TCP,1
60,TCP,1
56,TCP,1
60,TCP,1
56,TCP,1
60,TCP,1
56,TCP,1
60,TCP,1
56,TCP,1
60,TCP,1
56,TCP,1
60,TCP,1
56,TCP,1
60,TCP,1
56,TCP,1
60,TCP,1
56,TCP,1
60,TCP,1
56,TCP,1
60,TCP,1
56,TCP,1
60,TCP,1
56,TCP,1
60,TCP,1
56,TCP,1
60,TCP,1
56,TCP,1
60,TCP,1
56,TCP,1
60,TCP,1
56,TCP,1
60,TCP,1
56,TCP,1
60,TCP,1
56,TCP,1
60,TCP,1
56,TCP,1
60,TCP,1
56,TCP,1
60,TCP,1
56,TCP,1
60,TCP,1
56,TCP,1
60,TCP,1
56,TCP,1
60,TCP,1
56,TCP,1
60,TCP,1
56,TCP,1
60,TCP,1
56,TCP,1
60,TCP,1
56,TCP,1
60,TCP,1
56,TCP,1
60,TCP,1
56,TCP,1
60,TCP,1
56,TCP,1
60,TCP,1
56,TCP,1
60,TCP,1
56,TCP,1
60,TCP,1
56,TCP,1
60,TCP,1
56,TCP,1
60,TCP,1
56,TCP,1
60,TCP,1
56,TCP,1
60,TCP,1
56,TCP,1
60,TCP,1
56,TCP,1
60,TCP,1
56,TCP,1
60,TCP,1
56,TCP,1
60,TCP,1
56,TCP,1
60,TCP,1
56,TCP,1
60,TCP,1
56,TCP,1
60,TCP,1
56,TCP,1
60,TCP,1
56,TCP,1
60,TCP,1
56,TCP,1
60,TCP,1
56,TCP,1
60,TCP,1
56,TCP,1
60,TCP,1
56,TCP,1
60,TCP,1
56,TCP,1
60,TCP,1
56,TCP,1
60,TCP,1
56,TCP,1
60,TCP,1
56,TCP,1
60,TCP,1
56,TCP,1
60,TCP,1
56,TCP,1
60,TCP,1
56,TCP,1
60,TCP,1
56,TCP,1
60,TCP,1
56,TCP,1
60,TCP,1
56,TCP,1
60,TCP,1
56,TCP,1
60,TCP,1
56,TCP,1
60,TCP,1
56,TCP,1
60,TCP,1
56,TCP,1
60,TCP,1
56,TCP,1
60,TCP,1
56,TCP,1
60,TCP,1
56,TCP,1
60,TCP,1
56,TCP,1
60,TCP,1
56,TCP,1
60,TCP,1
56,TCP,1
60,TCP,1
56,TCP,1
60,TCP,1
56,TCP,1
60,TCP,1
56,TCP,1
60,TCP,1
56,TCP,1
60,TCP,1
56,TCP,1
60,TCP,1
56,TCP,1
60,TCP,1
56,TCP,1
60,TCP,1
56,TCP,1
60,TCP,1
56,TCP,1
60,TCP,1
56,TCP,1
60,TCP,1
56,TCP,1
60,TCP,1
56,TCP,1
60,TCP,1
56,TCP,1
60,TCP,1
56,TCP,1
60,TCP,1
56,TCP,1
60,TCP,1
56,TCP,1
60,TCP,1
56,TCP,1
60,TCP,1
56,TCP,1
60,TCP,1
56,TCP,1
60,TCP,1
56,TCP,1
60,TCP,1
56,TCP,1
60,TCP,1
56,TCP,1
60,TCP,1
56,TCP,1
60,TCP,1
56,TCP,1
60,TCP,1
56,TCP,1
60,TCP,1
56,TCP,1
60,TCP,1
56,TCP,1
60,TCP,1
56,TCP,1
60,TCP,1
56,TCP,1
60,TCP,1
56,TCP,1
60,TCP,1
56,TCP,1
60,TCP,1
56,TCP,1
60,TCP,1
56,TCP,1
60,TCP,1
56,TCP,1
60,TCP,1
56,TCP,1
60,TCP,1
56,TCP,1
60,TCP,1
56,TCP,1
60,TCP,1
56,TCP,1
60,TCP,1
56,TCP,1
60,TCP,1
56,TCP,1
60,TCP,1
56,TCP,1
60,TCP,1
56,TCP,1
60,TCP,1
56,TCP,1
60,TCP,1
56,TCP,1
60,TCP,1
56,TCP,1
60,TCP,1
56,TCP,1
60,TCP,1
56,TCP,1
60,TCP,1
56,TCP,1
60,TCP,1
56,TCP,1
60,TCP,1
56,TCP,1
60,TCP,1
56,TCP,1
60,TCP,1
56,TCP,1
60,TCP,1
56,TCP,1
60,TCP,1
56,TCP,1
60,TCP,1
56,TCP,1
60,TCP,1
56,TCP,1
60,TCP,1
56,TCP,1
60,TCP,1
56,TCP,1
60,TCP,1
56,TCP,1
60,TCP,1
56,TCP,1
60,TCP,1
56,TCP,1
60,TCP,1
56,TCP,1
60,TCP,1
56,TCP,1
60,TCP,1
56,TCP,1
60,TCP,1
56,TCP,1
60,TCP,1
56,TCP,1
60,TCP,1
56,TCP,1
60,TCP,1
56,TCP,1
60,TCP,1
56,TCP,1
60,TCP,1
56,TCP,1
60,TCP,1
56,TCP,1
60,TCP,1
56,TCP,1
60,TCP,1
56,TCP,1
60,TCP,1
56,TCP,1
60,TCP,1
56,TCP,1
60,TCP,1
56,TCP,1
60,TCP,1
56,TCP,1
60,TCP,1
56,TCP,1
60,TCP,1
56,TCP,1
60,TCP,1
56,TCP,1
60,TCP,1
56,TCP,1
60,TCP,1
56,TCP,1
60,TCP,1
56,TCP,1
60,TCP,1
56,TCP,1
60,TCP,1
56,TCP,1
60,TCP,1
56,TCP,1
60,TCP,1
56,TCP,1
60,TCP,1
56,TCP,1
60,TCP,1
56,TCP,1
60,TCP,1
56,TCP,1
60,TCP,1
56,TCP,1
60,TCP,1
56,TCP,1
60,TCP,1
56,TCP,1
60,TCP,1
56,TCP,1
60,TCP,1
56,TCP,1
60,TCP,1
56,TCP,1
60,TCP,1
56,TCP,1
60,TCP,1
56,TCP,1
60,TCP,1
56,TCP,1
60,TCP,1
56,TCP,1
60,TCP,1
56,TCP,1
60,TCP,1
56,TCP,1
60,TCP,1
56,TCP,1
60,TCP,1
56,TCP,1
60,TCP,1
56,TCP,1
60,TCP,1
56,TCP,1
60,TCP,1
56,TCP,1
60,TCP,1
56,TCP,1
60,TCP,1
56,TCP,1
60,TCP,1
56,TCP,1
60,TCP,1
56,TCP,1
60,TCP,1
56,TCP,1
60,TCP,1
56,TCP,1
60,TCP,1
56,TCP,1
60,TCP,1
56,TCP,1
60,TCP,1
56,TCP,1
60,TCP,1
56,TCP,1
60,TCP,1
56,TCP,1
60,TCP,1
56,TCP,1
60,TCP,1
56,TCP,1
60,TCP,1
56,TCP,1
60,TCP,1
56,TCP,1
60,TCP,1
56,TCP,1
60,TCP,1
56,TCP,1
60,TCP,1
56,TCP,1
60,TCP,1
56,TCP,1
60,TCP,1
56,TCP,1
60,TCP,1
56,TCP,1
60,TCP,1
56,TCP,1
60,TCP,1
56,TCP,1
60,TCP,1
56,TCP,1
60,TCP,1
56,TCP,1
60,TCP,1
56,TCP,1
60,TCP,1
56,TCP,1
60,TCP,1
56,TCP,1
60,TCP,1
56,TCP,1
60,TCP,1
56,TCP,1
60,TCP,1
56,TCP,1
60,TCP,1
56,TCP,1
60,TCP,1
56,TCP,1
60,TCP,1
56,TCP,1
60,TCP,1
56,TCP,1
60,TCP,1
56,TCP,1
60,TCP,1
56,TCP,1
60,TCP,1
56,TCP,1
60,TCP,1
56,TCP,1
60,TCP,1
56,TCP,1
60,TCP,1
56,TCP,1
60,TCP,1
56,TCP,1
60,TCP,1
56,TCP,1
60,TCP,1
56,TCP,1
60,TCP,1
56,TCP,1
60,TCP,1
56,TCP,1
60,TCP,1
56,TCP,1
60,TCP,1
56,TCP,1
60,TCP,1
56,TCP,1
60,TCP,1
56,TCP,1
60,TCP,1
56,TCP,1
60,TCP,1
56,TCP,1
60,TCP,1
56,TCP,1
88,ICMPV6,1
44,ARP,1
62,ARP,1
62,ARP,1
44,ARP,1
